year of debates,negative,positive,anger,fear,anticipation,surprise,trust,sadness,joy,disgust,wordcount,negative_percent,positive_percent,anger_percent,fear_percent,anticipation_percent,surprise_percent,trust_percent,sadness_percent,joy_percent,disgust_percent
1963,10179,22276,3545,6895,8947,3176,17047,4030,5376,1404,40339,0.2523364485981308,0.5522199360420437,0.08788021517638017,0.17092639877042068,0.2217952849599643,0.07873274002826049,0.4225935199186891,0.09990331936835321,0.13327053223927215,0.03480502739284563
